[
  {
      "country": "Aruba",
      "code": "AW",
      "id": "533",
      "population": 0
  },
  {
      "country": "Afghanistan",
      "code": "AFG",
      "id": "004",
      "population": 0
  },
  {
      "country": "Angola",
      "code": "AO",
      "id": "024",
      "population": 0
  },
  {
      "country": "Albania",
      "code": "AL",
      "id": "008",
      "population": 0
  },
  {
      "country": "Andorra",
      "code": "AD",
      "id": "020",
      "population": 0
  },
  {
      "country": "United Arab Emirates",
      "code": "AE",
      "id": "784",
      "population": 0
  },
  {
      "country": "Argentina",
      "code": "AR",
      "id": "032",
      "population": 0
  },
  {
      "country": "Armenia",
      "code": "AM",
      "id": "051",
      "population": 0
  },
  {
      "country": "American Samoa",
      "code": "AS",
      "id": "016",
      "population": 0
  },
  {
      "country": "Antigua and Barbuda",
      "code": "AG",
      "id": "028",
      "population": 0
  },
  {
      "country": "Australia",
      "code": "AU",
      "id": "036",
      "population": 0
  },
  {
      "country": "Austria",
      "code": "AT",
      "id": "040",
      "population": 0
  },
  {
      "country": "Azerbaijan",
      "code": "AZ",
      "id": "031",
      "population": 0
  },
  {
      "country": "Burundi",
      "code": "BI",
      "id": "108",
      "population": 0
  },
  {
      "country": "Belgium",
      "code": "BE",
      "id": "056",
      "population": 0
  },
  {
      "country": "Benin",
      "code": "BJ",
      "id": "204",
      "population": 0
  },
  {
      "country": "Burkina Faso",
      "code": "BF",
      "id": "854",
      "population": 0
  },
  {
      "country": "Bangladesh",
      "code": "BD",
      "id": "050",
      "population": 0
  },
  {
      "country": "Bulgaria",
      "code": "BG",
      "id": "100",
      "population": 0
  },
  {
      "country": "Bahrain",
      "code": "BH",
      "id": "048",
      "population": 0
  },
  {
      "country": "Bahamas",
      "code": "BS",
      "id": "044",
      "population": 0
  },
  {
      "country": "Bosnia and Herzegovina",
      "code": "BA",
      "id": "070",
      "population": 0
  },
  {
      "country": "Belarus",
      "code": "BY",
      "id": "112",
      "population": 0
  },
  {
      "country": "Belize",
      "code": "BZ",
      "id": "084",
      "population": 0
  },
  {
      "country": "Bermuda",
      "code": "BM",
      "id": "060",
      "population": 0
  },
  {
      "country": "Bolivia",
      "code": "BO",
      "id": "068",
      "population": 0
  },
  {
      "country": "Brazil",
      "code": "BR",
      "id": "076",
      "population": 0
  },
  {
      "country": "Barbados",
      "code": "BB",
      "id": "052",
      "population": 0
  },
  {
      "country": "Brunei Darussalam",
      "code": "BN",
      "id": "096",
      "population": 0
  },
  {
      "country": "Bhutan",
      "code": "BT",
      "id": "064",
      "population": 0
  },
  {
      "country": "Botswana",
      "code": "BW",
      "id": "072",
      "population": 0
  },
  {
      "country": "Central African Republic",
      "code": "CF",
      "id": "140",
      "population": 0
  },
  {
      "country": "Canada",
      "code": "CA",
      "id": "124",
      "population": 0
  },
  {
      "country": "Switzerland",
      "code": "CH",
      "id": "756",
      "population": 0
  },
  {
      "country": "Chile",
      "code": "CL",
      "id": "152",
      "population": 0
  },
  {
      "country": "China",
      "code": "CN",
      "id": "156",
      "population": 0
  },
  {
      "country": "C\u00f4te d'Ivoire",
      "code": "CI",
      "id": "384",
      "population": 0
  },
  {
      "country": "Cameroon",
      "code": "CM",
      "id": "120",
      "population": 0
  },
  {
      "country": "Congo, Democratic Republic of the",
      "code": "CD",
      "id": "180",
      "population": 0
  },
  {
      "country": "Congo",
      "code": "CG",
      "id": "178",
      "population": 0
  },
  {
      "country": "Colombia",
      "code": "CO",
      "id": "170",
      "population": 0
  },
  {
      "country": "Comoros",
      "code": "KM",
      "id": "174",
      "population": 0
  },
  {
      "country": "Cabo Verde",
      "code": "CV",
      "id": "132",
      "population": 0
  },
  {
      "country": "Costa Rica",
      "code": "CR",
      "id": "188",
      "population": 0
  },
  {
      "country": "Cuba",
      "code": "CU",
      "id": "192",
      "population": 0
  },
  {
      "country": "Cura\u00e7ao",
      "code": "CW",
      "id": "531",
      "population": 0
  },
  {
      "country": "Cayman Islands",
      "code": "KY",
      "id": "136",
      "population": 0
  },
  {
      "country": "Cyprus",
      "code": "CY",
      "id": "196",
      "population": 0
  },
  {
      "country": "Czechia",
      "code": "CZ",
      "id": "203",
      "population": 0
  },
  {
      "country": "Germany",
      "code": "DE",
      "id": "276",
      "population": 0
  },
  {
      "country": "Djibouti",
      "code": "DJ",
      "id": "262",
      "population": 0
  },
  {
      "country": "Dominica",
      "code": "DM",
      "id": "212",
      "population": 0
  },
  {
      "country": "Denmark",
      "code": "DK",
      "id": "208",
      "population": 0
  },
  {
      "country": "Dominican Republic",
      "code": "DO",
      "id": "214",
      "population": 0
  },
  {
      "country": "Algeria",
      "code": "DZ",
      "id": "012",
      "population": 0
  },
  {
      "country": "Ecuador",
      "code": "EC",
      "id": "218",
      "population": 0
  },
  {
      "country": "Egypt",
      "code": "EG",
      "id": "818",
      "population": 0
  },
  {
      "country": "Spain",
      "code": "ES",
      "id": "724",
      "population": 0
  },
  {
      "country": "Estonia",
      "code": "EE",
      "id": "233",
      "population": 0
  },
  {
      "country": "Ethiopia",
      "code": "ET",
      "id": "231",
      "population": 0
  },
  {
      "country": "Finland",
      "code": "FI",
      "id": "246",
      "population": 0
  },
  {
      "country": "Fiji",
      "code": "FJ",
      "id": "242",
      "population": 0
  },
  {
      "country": "France",
      "code": "FR",
      "id": "250",
      "population": 0
  },
  {
      "country": "Faroe Islands",
      "code": "FO",
      "id": "234",
      "population": 0
  },
  {
      "country": "Micronesia (Federated States of)",
      "code": "FM",
      "id": "583",
      "population": 0
  },
  {
      "country": "Gabon",
      "code": "GA",
      "id": "266",
      "population": 0
  },
  {
      "country": "United Kingdom",
      "code": "GB",
      "id": "826",
      "population": 0
  },
  {
      "country": "Georgia",
      "code": "GE",
      "id": "268",
      "population": 1000000000
  },
  {
      "country": "Ghana",
      "code": "GH",
      "id": "288",
      "population": 0
  },
  {
      "country": "Gibraltar",
      "code": "GI",
      "id": "292",
      "population": 0
  },
  {
      "country": "Guinea",
      "code": "GN",
      "id": "324",
      "population": 0
  },
  {
      "country": "Gambia",
      "code": "GM",
      "id": "270",
      "population": 0
  },
  {
      "country": "Guinea-Bissau",
      "code": "GW",
      "id": "624",
      "population": 0
  },
  {
      "country": "Equatorial Guinea",
      "code": "GQ",
      "id": "226",
      "population": 0
  },
  {
      "country": "Greece",
      "code": "GR",
      "id": "300",
      "population": 0
  },
  {
      "country": "Grenada",
      "code": "GD",
      "id": "308",
      "population": 0
  },
  {
      "country": "Greenland",
      "code": "GL",
      "id": "304",
      "population": 0
  },
  {
      "country": "Guatemala",
      "code": "GT",
      "id": "320",
      "population": 0
  },
  {
      "country": "Guam",
      "code": "GU",
      "id": "316",
      "population": 0
  },
  {
      "country": "Guyana",
      "code": "GY",
      "id": "328",
      "population": 0
  },
  {
      "country": "Hong Kong",
      "code": "HK",
      "id": "344",
      "population": 0
  },
  {
      "country": "Honduras",
      "code": "HN",
      "id": "340",
      "population": 0
  },
  {
      "country": "Croatia",
      "code": "HR",
      "id": "191",
      "population": 0
  },
  {
      "country": "Haiti",
      "code": "HT",
      "id": "332",
      "population": 0
  },
  {
      "country": "Hungary",
      "code": "HU",
      "id": "348",
      "population": 0
  },
  {
      "country": "Indonesia",
      "code": "ID",
      "id": "360",
      "population": 0
  },
  {
      "country": "Isle of Man",
      "code": "IM",
      "id": "833",
      "population": 0
  },
  {
      "country": "India",
      "code": "IN",
      "id": "356",
      "population": 0
  },
  {
      "country": "Ireland",
      "code": "IE",
      "id": "372",
      "population": 0
  },
  {
      "country": "Iran",
      "code": "IR",
      "id": "364",
      "population": 0
  },
  {
      "country": "Iraq",
      "code": "IQ",
      "id": "368",
      "population": 0
  },
  {
      "country": "Iceland",
      "code": "IS",
      "id": "352",
      "population": 0
  },
  {
      "country": "Israel",
      "code": "IL",
      "id": "376",
      "population": 0
  },
  {
      "country": "Italy",
      "code": "IT",
      "id": "380",
      "population": 0
  },
  {
      "country": "Jamaica",
      "code": "JM",
      "id": "388",
      "population": 0
  },
  {
      "country": "Jordan",
      "code": "JO",
      "id": "400",
      "population": 0
  },
  {
      "country": "Japan",
      "code": "JP",
      "id": "392",
      "population": 0
  },
  {
      "country": "Kazakhstan",
      "code": "KZ",
      "id": "398",
      "population": 0
  },
  {
      "country": "Kenya",
      "code": "KE",
      "id": "404",
      "population": 0
  },
  {
      "country": "Kyrgyzstan",
      "code": "KG",
      "id": "417",
      "population": 0
  },
  {
      "country": "Cambodia",
      "code": "KH",
      "id": "116",
      "population": 0
  },
  {
      "country": "Kiribati",
      "code": "KI",
      "id": "296",
      "population": 0
  },
  {
      "country": "Saint Kitts and Nevis",
      "code": "KN",
      "id": "659",
      "population": 0
  },
  {
      "country": "Korea, Republic of",
      "code": "KR",
      "id": "410",
      "population": 0
  },
  {
      "country": "Kuwait",
      "code": "KW",
      "id": "414",
      "population": 0
  },
  {
      "country": "Lao People's Democratic Republic",
      "code": "LA",
      "id": "418",
      "population": 0
  },
  {
      "country": "Lebanon",
      "code": "LB",
      "id": "422",
      "population": 0
  },
  {
      "country": "Liberia",
      "code": "LR",
      "id": "430",
      "population": 0
  },
  {
      "country": "Libya",
      "code": "LY",
      "id": "434",
      "population": 0
  },
  {
      "country": "Saint Lucia",
      "code": "LC",
      "id": "662",
      "population": 0
  },
  {
      "country": "Liechtenstein",
      "code": "LI",
      "id": "438",
      "population": 0
  },
  {
      "country": "Sri Lanka",
      "code": "LK",
      "id": "144",
      "population": 0
  },
  {
      "country": "Lesotho",
      "code": "LS",
      "id": "426",
      "population": 0
  },
  {
      "country": "Lithuania",
      "code": "LT",
      "id": "440",
      "population": 0
  },
  {
      "country": "Luxembourg",
      "code": "LU",
      "id": "442",
      "population": 0
  },
  {
      "country": "Latvia",
      "code": "LV",
      "id": "428",
      "population": 0
  },
  {
      "country": "Macao",
      "code": "MO",
      "id": "446",
      "population": 0
  },
  {
      "country": "Saint Martin (French part)",
      "code": "MF",
      "id": "663",
      "population": 0
  },
  {
      "country": "Morocco",
      "code": "MA",
      "id": "504",
      "population": 0
  },
  {
      "country": "Monaco",
      "code": "MC",
      "id": "492",
      "population": 0
  },
  {
      "country": "Moldova, Republic of",
      "code": "MD",
      "id": "498",
      "population": 0
  },
  {
      "country": "Madagascar",
      "code": "MG",
      "id": "450",
      "population": 0
  },
  {
      "country": "Maldives",
      "code": "MV",
      "id": "462",
      "population": 0
  },
  {
      "country": "Mexico",
      "code": "MX",
      "id": "484",
      "population": 0
  },
  {
      "country": "Marshall Islands",
      "code": "MH",
      "id": "584",
      "population": 0
  },
  {
      "country": "North Macedonia",
      "code": "MK",
      "id": "807",
      "population": 0
  },
  {
      "country": "Mali",
      "code": "ML",
      "id": "466",
      "population": 0
  },
  {
      "country": "Malta",
      "code": "MT",
      "id": "470",
      "population": 0
  },
  {
      "country": "Myanmar",
      "code": "MM",
      "id": "104",
      "population": 0
  },
  {
      "country": "Montenegro",
      "code": "ME",
      "id": "499",
      "population": 0
  },
  {
      "country": "Mongolia",
      "code": "MN",
      "id": "496",
      "population": 0
  },
  {
      "country": "Northern Mariana Islands",
      "code": "MP",
      "id": "580",
      "population": 0
  },
  {
      "country": "Mozambique",
      "code": "MZ",
      "id": "508",
      "population": 0
  },
  {
      "country": "Mauritania",
      "code": "MR",
      "id": "478",
      "population": 0
  },
  {
      "country": "Mauritius",
      "code": "MU",
      "id": "480",
      "population": 0
  },
  {
      "country": "Malawi",
      "code": "MW",
      "id": "454",
      "population": 0
  },
  {
      "country": "Malaysia",
      "code": "MY",
      "id": "458",
      "population": 0
  },
  {
      "country": "Namibia",
      "code": "NA",
      "id": "516",
      "population": 0
  },
  {
      "country": "New Caledonia",
      "code": "NC",
      "id": "540",
      "population": 0
  },
  {
      "country": "Niger",
      "code": "NE",
      "id": "562",
      "population": 0
  },
  {
      "country": "Nigeria",
      "code": "NG",
      "id": "566",
      "population": 0
  },
  {
      "country": "Nicaragua",
      "code": "NI",
      "id": "558",
      "population": 0
  },
  {
      "country": "Netherlands",
      "code": "NL",
      "id": "528",
      "population": 0
  },
  {
      "country": "Norway",
      "code": "NO",
      "id": "578",
      "population": 0
  },
  {
      "country": "Nepal",
      "code": "NP",
      "id": "524",
      "population": 0
  },
  {
      "country": "Nauru",
      "code": "NR",
      "id": "520",
      "population": 0
  },
  {
      "country": "New Zealand",
      "code": "NZ",
      "id": "554",
      "population": 0
  },
  {
      "country": "Oman",
      "code": "OM",
      "id": "512",
      "population": 0
  },
  {
      "country": "Pakistan",
      "code": "PK",
      "id": "586",
      "population": 0
  },
  {
      "country": "Panama",
      "code": "PA",
      "id": "591",
      "population": 0
  },
  {
      "country": "Peru",
      "code": "PE",
      "id": "604",
      "population": 0
  },
  {
      "country": "Philippines",
      "code": "PH",
      "id": "608",
      "population": 0
  },
  {
      "country": "Palau",
      "code": "PW",
      "id": "585",
      "population": 0
  },
  {
      "country": "Papua New Guinea",
      "code": "PG",
      "id": "598",
      "population": 0
  },
  {
      "country": "Poland",
      "code": "PL",
      "id": "616",
      "population": 0
  },
  {
      "country": "Puerto Rico",
      "code": "PR",
      "id": "630",
      "population": 0
  },
  {
      "country": "Korea (Democratic People's Republic of)",
      "code": "KP",
      "id": "408",
      "population": 0
  },
  {
      "country": "Portugal",
      "code": "PT",
      "id": "620",
      "population": 0
  },
  {
      "country": "Paraguay",
      "code": "PY",
      "id": "600",
      "population": 0
  },
  {
      "country": "French Polynesia",
      "code": "PF",
      "id": "258",
      "population": 0
  },
  {
      "country": "Qatar",
      "code": "QA",
      "id": "634",
      "population": 0
  },
  {
      "country": "Romania",
      "code": "RO",
      "id": "642",
      "population": 0
  },
  {
      "country": "Russia",
      "code": "RU",
      "id": "643",
      "population": 0
  },
  {
      "country": "Rwanda",
      "code": "RW",
      "id": "646",
      "population": 0
  },
  {
      "country": "Saudi Arabia",
      "code": "SA",
      "id": "682",
      "population": 0
  },
  {
      "country": "Sudan",
      "code": "SD",
      "id": "729",
      "population": 0
  },
  {
      "country": "Senegal",
      "code": "SN",
      "id": "686",
      "population": 0
  },
  {
      "country": "Singapore",
      "code": "SG",
      "id": "702",
      "population": 0
  },
  {
      "country": "Solomon Islands",
      "code": "SB",
      "id": "090",
      "population": 0
  },
  {
      "country": "Sierra Leone",
      "code": "SL",
      "id": "694",
      "population": 0
  },
  {
      "country": "El Salvador",
      "code": "SV",
      "id": "222",
      "population": 0
  },
  {
      "country": "San Marino",
      "code": "SM",
      "id": "674",
      "population": 0
  },
  {
      "country": "Somalia",
      "code": "SO",
      "id": "706",
      "population": 0
  },
  {
      "country": "Serbia",
      "code": "RS",
      "id": "688",
      "population": 0
  },
  {
      "country": "South Sudan",
      "code": "SS",
      "id": "728",
      "population": 0
  },
  {
      "country": "Sao Tome and Principe",
      "code": "ST",
      "id": "678",
      "population": 0
  },
  {
      "country": "Suriname",
      "code": "SR",
      "id": "740",
      "population": 0
  },
  {
      "country": "Slovenia",
      "code": "SI",
      "id": "705",
      "population": 0
  },
  {
      "country": "Sweden",
      "code": "SE",
      "id": "752",
      "population": 0
  },
  {
      "country": "Eswatini",
      "code": "SZ",
      "id": "748",
      "population": 0
  },
  {
      "country": "Sint Maarten (Dutch part)",
      "code": "SX",
      "id": "534",
      "population": 0
  },
  {
      "country": "Seychelles",
      "code": "SC",
      "id": "690",
      "population": 0
  },
  {
      "country": "Syrian Arab Republic",
      "code": "SY",
      "id": "760",
      "population": 0
  },
  {
      "country": "Turks and Caicos Islands",
      "code": "TC",
      "id": "796",
      "population": 0
  },
  {
      "country": "Chad",
      "code": "TD",
      "id": "148",
      "population": 0
  },
  {
      "country": "Togo",
      "code": "TG",
      "id": "768",
      "population": 0
  },
  {
      "country": "Thailand",
      "code": "TH",
      "id": "764",
      "population": 0
  },
  {
      "country": "Tajikistan",
      "code": "TJ",
      "id": "762",
      "population": 0
  },
  {
      "country": "Turkmenistan",
      "code": "TM",
      "id": "795",
      "population": 0
  },
  {
      "country": "Timor-Leste",
      "code": "TL",
      "id": "626",
      "population": 0
  },
  {
      "country": "Tonga",
      "code": "TO",
      "id": "776",
      "population": 0
  },
  {
      "country": "Trinidad and Tobago",
      "code": "TT",
      "id": "780",
      "population": 0
  },
  {
      "country": "Tunisia",
      "code": "TN",
      "id": "788",
      "population": 0
  },
  {
      "country": "Turkey",
      "code": "TR",
      "id": "792",
      "population": 0
  },
  {
      "country": "Tuvalu",
      "code": "TV",
      "id": "798",
      "population": 0
  },
  {
      "country": "Tanzania, United Republic of",
      "code": "TZ",
      "id": "834",
      "population": 0
  },
  {
      "country": "Uganda",
      "code": "UG",
      "id": "800",
      "population": 0
  },
  {
      "country": "Ukraine",
      "code": "UA",
      "id": "804",
      "population": 0
  },
  {
      "country": "Uruguay",
      "code": "UY",
      "id": "858",
      "population": 0
  },
  {
      "country": "United States",
      "code": "US",
      "id": "840",
      "population": 1000000000
  },
  {
      "country": "Uzbekistan",
      "code": "UZ",
      "id": "860",
      "population": 0
  },
  {
      "country": "Saint Vincent and the Grenadines",
      "code": "VC",
      "id": "670",
      "population": 0
  },
  {
      "country": "Venezuela (Bolivarian Republic of)",
      "code": "VE",
      "id": "862",
      "population": 0
  },
  {
      "country": "Virgin Islands (British)",
      "code": "VG",
      "id": "092",
      "population": 0
  },
  {
      "country": "Virgin Islands (U.S.)",
      "code": "VI",
      "id": "850",
      "population": 0
  },
  {
      "country": "Vietnam",
      "code": "VN",
      "id": "704",
      "population": 0
  },
  {
      "country": "Vanuatu",
      "code": "VU",
      "id": "548",
      "population": 0
  },
  {
      "country": "Samoa",
      "code": "WS",
      "id": "882",
      "population": 0
  },
  {
      "country": "Yemen",
      "code": "YE",
      "id": "887",
      "population": 0
  },
  {
      "country": "South Africa",
      "code": "ZA",
      "id": "710",
      "population": 0
  },
  {
      "country": "Zambia",
      "code": "ZM",
      "id": "894",
      "population": 0
  },
  {
      "country": "Zimbabwe",
      "code": "ZW",
      "id": "716",
      "population": 0
  }
]